Detector Type,Descriptor Type,Frame#,#KeyPointsPerFrame,#KeyPointsPerROI,NeighborhoodSizeMean,NeighborhoodSizeVariance,DetectorTime(ms),DescriptorTime(ms),Matcher Type,Selector Type,#MatchedPoints,MatchDistancesMean,MatchDistancesVariance,MatchingTime(ms)),TTC(s))
SHITOMASI,BRISK,0,1723,0,0,0,8.918,12.116,MAT_BF,SEL_NN,0,0.000,0.000,0.000,0.000
SHITOMASI,BRISK,1,1759,111,2.000,4.000,7.896,12.290,MAT_BF,SEL_NN,1630,39.277,2280.069,10.191,-0.785
SHITOMASI,BRISK,2,1820,105,2.000,4.000,7.867,12.246,MAT_BF,SEL_NN,1662,39.157,2293.065,10.520,-32.184
SHITOMASI,BRISK,3,1850,110,2.000,4.000,8.162,12.440,MAT_BF,SEL_NN,1717,38.732,2258.379,11.097,-1.330
SHITOMASI,BRISK,4,1828,114,2.000,4.000,8.445,13.043,MAT_BF,SEL_NN,1752,39.509,2272.030,11.204,-0.349
SHITOMASI,BRISK,5,1806,124,2.000,4.000,8.424,12.980,MAT_BF,SEL_NN,1729,38.900,2273.594,11.857,-1.950
SHITOMASI,BRISK,6,1877,126,2.000,4.000,9.163,13.041,MAT_BF,SEL_NN,1689,38.792,2211.887,11.174,-10.932
SHITOMASI,BRISK,7,1894,122,2.000,4.000,8.746,12.637,MAT_BF,SEL_NN,1736,39.968,2309.522,11.363,-2508.950
SHITOMASI,BRISK,8,1889,119,2.000,4.000,9.277,12.754,MAT_BF,SEL_NN,1758,38.216,2164.394,11.526,-1.599
SHITOMASI,BRISK,9,1917,107,2.000,4.000,13.419,16.130,MAT_BF,SEL_NN,1757,38.999,2206.970,12.856,20.543

Detector Type,Descriptor Type,Frame#,#KeyPointsPerFrame,#KeyPointsPerROI,NeighborhoodSizeMean,NeighborhoodSizeVariance,DetectorTime(ms),DescriptorTime(ms),Matcher Type,Selector Type,#MatchedPoints,MatchDistancesMean,MatchDistancesVariance,MatchingTime(ms)),TTC(s))
SHITOMASI,BRIEF,0,1723,0,0.000,0.000,13.788,7.764,MAT_BF,SEL_NN,0,0.000,0.000,0.000,0.000
SHITOMASI,BRIEF,1,1759,96,2.000,4.000,13.795,7.820,MAT_BF,SEL_NN,1534,9.963,212.918,13.461,20.288
SHITOMASI,BRIEF,2,1820,109,2.000,4.000,14.137,8.501,MAT_BF,SEL_NN,1564,9.677,204.731,15.271,42.225
SHITOMASI,BRIEF,3,1850,115,2.000,4.000,13.304,8.270,MAT_BF,SEL_NN,1621,9.586,198.624,14.173,11.151
SHITOMASI,BRIEF,4,1828,106,2.000,4.000,13.288,8.215,MAT_BF,SEL_NN,1652,10.044,214.760,14.635,24.989
SHITOMASI,BRIEF,5,1806,106,2.000,4.000,13.897,7.878,MAT_BF,SEL_NN,1621,9.670,199.649,14.102,12.928
SHITOMASI,BRIEF,6,1877,99,2.000,4.000,13.349,7.870,MAT_BF,SEL_NN,1582,9.553,200.954,13.945,13.042
SHITOMASI,BRIEF,7,1894,110,2.000,4.000,13.889,7.881,MAT_BF,SEL_NN,1609,9.721,199.416,14.279,34.364
SHITOMASI,BRIEF,8,1889,114,2.000,4.000,13.849,8.740,MAT_BF,SEL_NN,1622,9.430,190.413,14.430,14.157
SHITOMASI,BRIEF,9,1917,113,2.000,4.000,13.971,8.190,MAT_BF,SEL_NN,1621,9.671,197.270,14.915,12.651

Detector Type,Descriptor Type,Frame#,#KeyPointsPerFrame,#KeyPointsPerROI,NeighborhoodSizeMean,NeighborhoodSizeVariance,DetectorTime(ms),DescriptorTime(ms),Matcher Type,Selector Type,#MatchedPoints,MatchDistancesMean,MatchDistancesVariance,MatchingTime(ms)),TTC(s))
SHITOMASI,ORB,0,1723,0,0.000,0.000,15.468,5.545,MAT_BF,SEL_NN,0,0.000,0.000,0.000,0.000
SHITOMASI,ORB,1,1759,91,2.000,4.000,13.786,4.955,MAT_BF,SEL_NN,1517,12.127,306.137,12.829,15.167
SHITOMASI,ORB,2,1820,99,2.000,4.000,13.667,5.080,MAT_BF,SEL_NN,1548,11.781,299.455,13.542,12.584
SHITOMASI,ORB,3,1850,105,2.000,4.000,13.618,4.631,MAT_BF,SEL_NN,1598,11.635,286.967,14.351,13.968
SHITOMASI,ORB,4,1828,107,2.000,4.000,14.883,4.959,MAT_BF,SEL_NN,1628,12.096,305.033,14.327,20.769
SHITOMASI,ORB,5,1806,108,2.000,4.000,14.809,4.719,MAT_BF,SEL_NN,1603,11.455,279.079,13.866,12.928
SHITOMASI,ORB,6,1877,102,2.000,4.000,14.441,5.199,MAT_BF,SEL_NN,1569,11.466,280.063,14.512,19.207
SHITOMASI,ORB,7,1894,108,2.000,4.000,16.431,5.587,MAT_BF,SEL_NN,1585,11.805,290.435,13.965,19.528
SHITOMASI,ORB,8,1889,112,2.000,4.000,13.208,5.132,MAT_BF,SEL_NN,1604,11.329,271.176,14.184,13.492
SHITOMASI,ORB,9,1917,113,2.000,4.000,16.940,5.038,MAT_BF,SEL_NN,1602,11.712,286.064,14.374,12.555

Detector Type,Descriptor Type,Frame#,#KeyPointsPerFrame,#KeyPointsPerROI,NeighborhoodSizeMean,NeighborhoodSizeVariance,DetectorTime(ms),DescriptorTime(ms),Matcher Type,Selector Type,#MatchedPoints,MatchDistancesMean,MatchDistancesVariance,MatchingTime(ms)),TTC(s))
SHITOMASI,FREAK,0,1723,0,0.000,0.000,13.818,65.030,MAT_BF,SEL_NN,0,0.000,0.000,0.000,0.000
SHITOMASI,FREAK,1,1759,106,2.000,4.000,16.600,66.468,MAT_BF,SEL_NN,1563,30.669,1456.282,14.645,-0.660
SHITOMASI,FREAK,2,1820,103,2.000,4.000,13.871,65.847,MAT_BF,SEL_NN,1586,30.105,1438.107,14.114,-2.222
SHITOMASI,FREAK,3,1850,112,2.000,4.000,13.989,67.084,MAT_BF,SEL_NN,1648,29.860,1414.142,14.507,32.070
SHITOMASI,FREAK,4,1828,115,2.000,4.000,13.230,67.868,MAT_BF,SEL_NN,1685,30.769,1468.919,14.567,-4872.350
SHITOMASI,FREAK,5,1806,118,2.000,4.000,16.366,65.223,MAT_BF,SEL_NN,1649,29.917,1418.348,14.578,inf
SHITOMASI,FREAK,6,1877,103,2.000,4.000,13.924,65.352,MAT_BF,SEL_NN,1614,29.745,1367.760,14.544,inf
SHITOMASI,FREAK,7,1894,117,2.000,4.000,13.957,65.590,MAT_BF,SEL_NN,1649,30.723,1434.738,14.889,inf
SHITOMASI,FREAK,8,1889,113,2.000,4.000,13.156,66.714,MAT_BF,SEL_NN,1661,29.382,1341.078,14.322,227.094
SHITOMASI,FREAK,9,1917,116,2.000,4.000,15.041,66.186,MAT_BF,SEL_NN,1658,30.010,1383.975,15.511,inf

Detector Type,Descriptor Type,Frame#,#KeyPointsPerFrame,#KeyPointsPerROI,NeighborhoodSizeMean,NeighborhoodSizeVariance,DetectorTime(ms),DescriptorTime(ms),Matcher Type,Selector Type,#MatchedPoints,MatchDistancesMean,MatchDistancesVariance,MatchingTime(ms)),TTC(s))
SHITOMASI,SIFT,0,1723,0,0.000,0.000,17.380,36.863,MAT_BF,SEL_NN,0,0.000,0.000,0.000,0.000
SHITOMASI,SIFT,1,1759,88,2.000,4.000,13.824,25.097,MAT_BF,SEL_NN,1723,76.309,10721.766,34.398,14.685
SHITOMASI,SIFT,2,1820,104,2.000,4.000,13.177,25.594,MAT_BF,SEL_NN,1759,75.723,10673.744,32.329,12.419
SHITOMASI,SIFT,3,1850,114,2.000,4.000,16.335,22.867,MAT_BF,SEL_NN,1820,74.868,10684.883,36.049,12.996
SHITOMASI,SIFT,4,1828,103,2.000,4.000,14.403,26.775,MAT_BF,SEL_NN,1850,76.391,10831.078,33.951,14.257
SHITOMASI,SIFT,5,1806,111,2.000,4.000,13.009,24.160,MAT_BF,SEL_NN,1828,74.223,10525.233,33.507,12.557
SHITOMASI,SIFT,6,1877,103,2.000,4.000,13.559,25.595,MAT_BF,SEL_NN,1806,74.839,10548.941,33.675,14.898
SHITOMASI,SIFT,7,1894,113,2.000,4.000,13.141,24.244,MAT_BF,SEL_NN,1877,78.431,11287.049,36.963,17.664
SHITOMASI,SIFT,8,1889,115,2.000,4.000,13.284,25.774,MAT_BF,SEL_NN,1894,76.058,10930.866,35.701,15.816
SHITOMASI,SIFT,9,1917,108,2.000,4.000,12.680,22.851,MAT_BF,SEL_NN,1889,77.111,10905.497,36.343,13.492

Detector Type,Descriptor Type,Frame#,#KeyPointsPerFrame,#KeyPointsPerROI,NeighborhoodSizeMean,NeighborhoodSizeVariance,DetectorTime(ms),DescriptorTime(ms),Matcher Type,Selector Type,#MatchedPoints,MatchDistancesMean,MatchDistancesVariance,MatchingTime(ms)),TTC(s))
HARRIS,BRISK,0,115,0,0.000,0.000,12.844,2.125,MAT_BF,SEL_NN,0,0.000,0.000,0.000,0.000
HARRIS,BRISK,1,209,10,3.000,9.000,15.635,3.052,MAT_BF,SEL_NN,114,34.750,1973.845,0.195,8.813
HARRIS,BRISK,2,114,18,3.000,9.000,13.696,1.958,MAT_BF,SEL_NN,205,47.659,3280.073,0.163,-0.494
HARRIS,BRISK,3,178,14,3.000,9.000,10.866,2.461,MAT_BF,SEL_NN,114,38.092,2183.671,0.184,-10.295
HARRIS,BRISK,4,250,17,3.000,9.000,11.567,3.169,MAT_BF,SEL_NN,175,39.394,2307.325,0.278,11.769
HARRIS,BRISK,5,241,19,3.000,9.000,11.336,3.006,MAT_BF,SEL_NN,244,40.289,2426.341,0.359,13.643
HARRIS,BRISK,6,259,16,3.000,9.000,14.434,3.201,MAT_BF,SEL_NN,233,41.494,2518.293,0.368,15.248
HARRIS,BRISK,7,272,29,3.000,9.000,11.464,3.316,MAT_BF,SEL_NN,251,39.026,2224.073,0.391,-51.104
HARRIS,BRISK,8,193,21,3.000,9.000,10.748,2.528,MAT_BF,SEL_NN,264,43.759,2689.243,0.322,-0.985
HARRIS,BRISK,9,129,14,3.000,9.000,10.499,2.015,MAT_BF,SEL_NN,190,44.679,2922.876,0.165,0.138

Detector Type,Descriptor Type,Frame#,#KeyPointsPerFrame,#KeyPointsPerROI,NeighborhoodSizeMean,NeighborhoodSizeVariance,DetectorTime(ms),DescriptorTime(ms),Matcher Type,Selector Type,#MatchedPoints,MatchDistancesMean,MatchDistancesVariance,MatchingTime(ms)),TTC(s))
HARRIS,BRIEF,0,115,0,0.000,0.000,11.599,1.207,MAT_BF,SEL_NN,0,0.000,0.000,0.000,0.000
HARRIS,BRIEF,1,209,9,3.000,9.000,11.126,1.805,MAT_BF,SEL_NN,113,9.128,202.838,0.240,8.813
HARRIS,BRIEF,2,114,13,3.000,9.000,10.791,1.221,MAT_BF,SEL_NN,202,16.547,541.718,0.222,80.753
HARRIS,BRIEF,3,178,13,3.000,9.000,11.398,1.751,MAT_BF,SEL_NN,113,10.142,253.237,0.175,-1.520
HARRIS,BRIEF,4,250,11,3.000,9.000,11.361,2.044,MAT_BF,SEL_NN,172,9.985,232.753,0.284,11.769
HARRIS,BRIEF,5,241,23,3.000,9.000,11.468,1.956,MAT_BF,SEL_NN,239,11.331,283.983,0.398,35.383
HARRIS,BRIEF,6,259,15,3.000,9.000,12.287,2.141,MAT_BF,SEL_NN,226,11.250,294.055,0.420,15.248
HARRIS,BRIEF,7,272,22,3.000,9.000,11.924,2.178,MAT_BF,SEL_NN,242,10.386,241.506,0.418,13.190
HARRIS,BRIEF,8,193,20,3.000,9.000,10.960,1.683,MAT_BF,SEL_NN,259,13.492,376.470,0.374,148.059
HARRIS,BRIEF,9,129,15,3.000,9.000,14.161,1.281,MAT_BF,SEL_NN,186,14.554,487.150,0.224,3.903

Detector Type,Descriptor Type,Frame#,#KeyPointsPerFrame,#KeyPointsPerROI,NeighborhoodSizeMean,NeighborhoodSizeVariance,DetectorTime(ms),DescriptorTime(ms),Matcher Type,Selector Type,#MatchedPoints,MatchDistancesMean,MatchDistancesVariance,MatchingTime(ms)),TTC(s))
HARRIS,ORB,0,115,0,0.000,0.000,10.376,1.655,MAT_BF,SEL_NN,0,0.000,0.000,0.000,0.000
HARRIS,ORB,1,209,10,3.000,9.000,13.885,1.942,MAT_BF,SEL_NN,112,10.790,271.130,0.208,10.908
HARRIS,ORB,2,114,13,3.000,9.000,10.456,1.671,MAT_BF,SEL_NN,202,17.953,625.055,0.186,52.795
HARRIS,ORB,3,178,13,3.000,9.000,10.865,1.778,MAT_BF,SEL_NN,111,11.739,309.040,0.208,-80.853
HARRIS,ORB,4,250,11,3.000,9.000,11.356,2.097,MAT_BF,SEL_NN,171,11.810,295.797,0.324,11.769
HARRIS,ORB,5,241,23,3.000,9.000,12.227,1.984,MAT_BF,SEL_NN,238,12.305,335.666,0.387,13.370
HARRIS,ORB,6,259,15,3.000,9.000,11.437,1.987,MAT_BF,SEL_NN,224,12.339,347.438,0.359,13.560
HARRIS,ORB,7,272,22,3.000,9.000,11.945,1.975,MAT_BF,SEL_NN,241,11.788,284.980,0.413,14.658
HARRIS,ORB,8,193,24,3.000,9.000,12.010,1.870,MAT_BF,SEL_NN,257,14.870,461.576,0.342,-42.605
HARRIS,ORB,9,129,13,3.000,9.000,10.670,1.633,MAT_BF,SEL_NN,185,15.951,553.754,0.183,-2.666

Detector Type,Descriptor Type,Frame#,#KeyPointsPerFrame,#KeyPointsPerROI,NeighborhoodSizeMean,NeighborhoodSizeVariance,DetectorTime(ms),DescriptorTime(ms),Matcher Type,Selector Type,#MatchedPoints,MatchDistancesMean,MatchDistancesVariance,MatchingTime(ms)),TTC(s))
HARRIS,FREAK,0,115,0,0.000,0.000,10.977,52.351,MAT_BF,SEL_NN,0,0.000,0.000,0.000,0.000
HARRIS,FREAK,1,209,10,3.000,9.000,11.372,57.012,MAT_BF,SEL_NN,113,29.248,1376.408,0.226,10.908
HARRIS,FREAK,2,114,14,3.000,9.000,11.015,55.106,MAT_BF,SEL_NN,203,38.966,2276.314,0.244,-0.494
HARRIS,FREAK,3,178,7,3.000,9.000,11.029,52.861,MAT_BF,SEL_NN,113,31.796,1552.808,0.170,-80.853
HARRIS,FREAK,4,250,16,3.000,9.000,12.132,54.034,MAT_BF,SEL_NN,173,32.936,1647.996,0.319,-0.299
HARRIS,FREAK,5,241,25,3.000,9.000,11.677,52.826,MAT_BF,SEL_NN,241,33.593,1680.860,0.399,-0.804
HARRIS,FREAK,6,259,16,3.000,9.000,11.589,53.021,MAT_BF,SEL_NN,228,33.836,1704.366,0.438,15.816
HARRIS,FREAK,7,272,22,3.000,9.000,11.751,53.055,MAT_BF,SEL_NN,247,32.455,1523.880,0.470,inf
HARRIS,FREAK,8,193,17,3.000,9.000,10.883,52.728,MAT_BF,SEL_NN,262,36.027,1853.824,0.350,13.570
HARRIS,FREAK,9,129,17,3.000,9.000,11.294,52.893,MAT_BF,SEL_NN,187,37.556,2138.824,0.222,-0.150

Detector Type,Descriptor Type,Frame#,#KeyPointsPerFrame,#KeyPointsPerROI,NeighborhoodSizeMean,NeighborhoodSizeVariance,DetectorTime(ms),DescriptorTime(ms),Matcher Type,Selector Type,#MatchedPoints,MatchDistancesMean,MatchDistancesVariance,MatchingTime(ms)),TTC(s))
HARRIS,SIFT,0,115,0,0.000,0.000,10.785,12.925,MAT_BF,SEL_NN,0,0.000,0.000,0.000,0.000
HARRIS,SIFT,1,209,9,3.000,9.000,11.067,13.801,MAT_BF,SEL_NN,115,54.793,7039.590,0.341,8.813
HARRIS,SIFT,2,114,16,3.000,9.000,10.605,12.827,MAT_BF,SEL_NN,209,105.980,20867.900,0.296,-0.474
HARRIS,SIFT,3,178,14,3.000,9.000,10.942,14.078,MAT_BF,SEL_NN,114,56.234,6968.138,0.407,-4.425
HARRIS,SIFT,4,250,11,3.000,9.000,16.409,18.657,MAT_BF,SEL_NN,178,61.647,8403.879,0.650,11.769
HARRIS,SIFT,5,241,24,3.000,9.000,12.299,15.521,MAT_BF,SEL_NN,250,69.897,10302.786,0.819,13.643
HARRIS,SIFT,6,259,17,3.000,9.000,11.298,15.257,MAT_BF,SEL_NN,241,70.947,10608.321,0.798,29.195
HARRIS,SIFT,7,272,22,3.000,9.000,11.565,15.548,MAT_BF,SEL_NN,259,70.906,10798.310,0.802,14.274
HARRIS,SIFT,8,193,23,3.000,9.000,11.007,13.979,MAT_BF,SEL_NN,272,89.413,16198.134,0.650,35.151
HARRIS,SIFT,9,129,19,3.000,9.000,10.801,13.286,MAT_BF,SEL_NN,193,94.363,18031.826,0.370,-2.666

Detector Type,Descriptor Type,Frame#,#KeyPointsPerFrame,#KeyPointsPerROI,NeighborhoodSizeMean,NeighborhoodSizeVariance,DetectorTime(ms),DescriptorTime(ms),Matcher Type,Selector Type,#MatchedPoints,MatchDistancesMean,MatchDistancesVariance,MatchingTime(ms)),TTC(s))
FAST,BRISK,0,5275,0,0.000,0.000,3.483,44.121,MAT_BF,SEL_NN,0,0.000,0.000,0.000,0.000
FAST,BRISK,1,5291,264,3.500,12.250,3.177,42.575,MAT_BF,SEL_NN,4986,38.130,2109.089,106.925,-8.726
FAST,BRISK,2,5202,282,3.500,12.250,3.590,41.459,MAT_BF,SEL_NN,5004,38.555,2152.911,105.896,-69.992
FAST,BRISK,3,5090,312,3.500,12.250,3.508,40.112,MAT_BF,SEL_NN,4914,38.369,2128.102,100.846,-0.664
FAST,BRISK,4,5118,284,3.500,12.250,3.339,41.262,MAT_BF,SEL_NN,4828,38.608,2115.127,103.422,-12.900
FAST,BRISK,5,5180,263,3.500,12.250,3.609,41.456,MAT_BF,SEL_NN,4831,37.372,2070.658,102.563,-28.813
FAST,BRISK,6,5192,285,3.500,12.250,3.653,41.706,MAT_BF,SEL_NN,4853,38.068,2075.811,101.512,-0.504
FAST,BRISK,7,5177,291,3.500,12.250,3.519,41.510,MAT_BF,SEL_NN,4858,38.703,2104.784,100.364,-6.805
FAST,BRISK,8,5176,307,3.500,12.250,3.212,42.602,MAT_BF,SEL_NN,4859,37.589,2050.429,103.288,-0.976
FAST,BRISK,9,5225,288,3.500,12.250,3.292,41.705,MAT_BF,SEL_NN,4883,38.447,2097.918,103.934,-1.094

Detector Type,Descriptor Type,Frame#,#KeyPointsPerFrame,#KeyPointsPerROI,NeighborhoodSizeMean,NeighborhoodSizeVariance,DetectorTime(ms),DescriptorTime(ms),Matcher Type,Selector Type,#MatchedPoints,MatchDistancesMean,MatchDistancesVariance,MatchingTime(ms)),TTC(s))
FAST,BRIEF,0,5275,0,0.000,0.000,3.682,18.899,MAT_BF,SEL_NN,0,0.000,0.000,0.000,0.000
FAST,BRIEF,1,5291,265,3.500,12.250,3.240,17.485,MAT_BF,SEL_NN,4627,9.315,176.707,106.301,13.420
FAST,BRIEF,2,5202,299,3.500,12.250,3.132,17.244,MAT_BF,SEL_NN,4630,9.379,182.681,105.434,20.451
FAST,BRIEF,3,5090,295,3.500,12.250,3.618,17.673,MAT_BF,SEL_NN,4572,9.204,171.983,105.052,17.494
FAST,BRIEF,4,5118,272,3.500,12.250,3.529,18.289,MAT_BF,SEL_NN,4519,9.299,172.655,101.077,14.843
FAST,BRIEF,5,5180,265,3.500,12.250,3.421,18.515,MAT_BF,SEL_NN,4518,8.888,160.326,107.570,15.456
FAST,BRIEF,6,5192,242,3.500,12.250,3.437,21.983,MAT_BF,SEL_NN,4516,8.954,161.500,101.413,14.563
FAST,BRIEF,7,5177,287,3.500,12.250,3.420,17.583,MAT_BF,SEL_NN,4494,9.172,165.697,115.267,15.242
FAST,BRIEF,8,5176,269,3.500,12.250,3.130,16.692,MAT_BF,SEL_NN,4483,9.055,167.326,100.435,13.936
FAST,BRIEF,9,5225,263,3.500,12.250,2.956,16.618,MAT_BF,SEL_NN,4478,9.095,169.227,100.431,14.279

Detector Type,Descriptor Type,Frame#,#KeyPointsPerFrame,#KeyPointsPerROI,NeighborhoodSizeMean,NeighborhoodSizeVariance,DetectorTime(ms),DescriptorTime(ms),Matcher Type,Selector Type,#MatchedPoints,MatchDistancesMean,MatchDistancesVariance,MatchingTime(ms)),TTC(s))
FAST,ORB,0,5275,0,0.000,0.000,3.682,10.458,MAT_BF,SEL_NN,0,0.000,0.000,0.000,0.000
FAST,ORB,1,5291,267,3.500,12.250,3.229,10.677,MAT_BF,SEL_NN,4564,11.574,269.703,108.950,13.149
FAST,ORB,2,5202,283,3.500,12.250,3.164,9.883,MAT_BF,SEL_NN,4564,11.530,270.519,107.209,14.617
FAST,ORB,3,5090,300,3.500,12.250,3.200,9.590,MAT_BF,SEL_NN,4525,11.451,265.891,105.487,15.723
FAST,ORB,4,5118,273,3.500,12.250,3.572,11.749,MAT_BF,SEL_NN,4464,11.598,266.611,116.441,16.769
FAST,ORB,5,5180,261,3.500,12.250,3.767,10.279,MAT_BF,SEL_NN,4462,11.127,251.253,114.910,35.383
FAST,ORB,6,5192,256,3.500,12.250,3.959,15.092,MAT_BF,SEL_NN,4452,11.090,246.026,123.850,16.129
FAST,ORB,7,5177,284,3.500,12.250,3.772,12.016,MAT_BF,SEL_NN,4415,11.552,261.298,133.828,16.525
FAST,ORB,8,5176,282,3.500,12.250,4.497,18.732,MAT_BF,SEL_NN,4401,11.213,252.909,159.376,16.975
FAST,ORB,9,5225,271,3.500,12.250,3.535,14.330,MAT_BF,SEL_NN,4406,11.552,263.921,116.193,14.859

Detector Type,Descriptor Type,Frame#,#KeyPointsPerFrame,#KeyPointsPerROI,NeighborhoodSizeMean,NeighborhoodSizeVariance,DetectorTime(ms),DescriptorTime(ms),Matcher Type,Selector Type,#MatchedPoints,MatchDistancesMean,MatchDistancesVariance,MatchingTime(ms)),TTC(s))
FAST,FREAK,0,5275,0,0.000,0.000,3.195,97.796,MAT_BF,SEL_NN,0,0.000,0.000,0.000,0.000
FAST,FREAK,1,5291,258,3.500,12.250,3.365,90.432,MAT_BF,SEL_NN,4726,29.889,1341.087,122.118,-10.600
FAST,FREAK,2,5202,286,3.500,12.250,3.582,93.508,MAT_BF,SEL_NN,4726,29.653,1328.666,117.669,-9.651
FAST,FREAK,3,5090,279,3.500,12.250,4.048,107.018,MAT_BF,SEL_NN,4679,29.415,1302.458,151.593,-118.550
FAST,FREAK,4,5118,296,3.500,12.250,4.109,95.527,MAT_BF,SEL_NN,4618,29.914,1340.103,118.347,-8.155
FAST,FREAK,5,5180,236,3.500,12.250,3.235,88.126,MAT_BF,SEL_NN,4597,29.179,1305.919,123.000,83.882
FAST,FREAK,6,5192,253,3.500,12.250,3.439,96.690,MAT_BF,SEL_NN,4619,29.378,1289.395,115.927,-7.043
FAST,FREAK,7,5177,286,3.500,12.250,3.604,98.277,MAT_BF,SEL_NN,4603,29.806,1297.644,123.634,-4.897
FAST,FREAK,8,5176,275,3.500,12.250,3.711,90.964,MAT_BF,SEL_NN,4587,29.307,1288.277,117.295,-9.141
FAST,FREAK,9,5225,268,3.500,12.250,3.234,91.548,MAT_BF,SEL_NN,4613,29.687,1287.035,118.260,inf

Detector Type,Descriptor Type,Frame#,#KeyPointsPerFrame,#KeyPointsPerROI,NeighborhoodSizeMean,NeighborhoodSizeVariance,DetectorTime(ms),DescriptorTime(ms),Matcher Type,Selector Type,#MatchedPoints,MatchDistancesMean,MatchDistancesVariance,MatchingTime(ms)),TTC(s))
FAST,SIFT,0,5275,0,0.000,0.000,3.194,118.124,MAT_BF,SEL_NN,0,0.000,0.000,0.000,0.000
FAST,SIFT,1,5291,257,3.500,12.250,3.000,113.124,MAT_BF,SEL_NN,5275,52.686,5039.540,290.514,12.313
FAST,SIFT,2,5202,277,3.500,12.250,3.721,128.228,MAT_BF,SEL_NN,5291,53.835,5597.650,292.915,12.271
FAST,SIFT,3,5090,298,3.500,12.250,3.528,118.443,MAT_BF,SEL_NN,5202,53.538,5431.860,286.426,16.311
FAST,SIFT,4,5118,263,3.500,12.250,3.884,124.671,MAT_BF,SEL_NN,5090,52.724,5198.307,327.750,14.301
FAST,SIFT,5,5180,260,3.500,12.250,3.278,102.756,MAT_BF,SEL_NN,5118,51.164,4907.608,286.820,16.889
FAST,SIFT,6,5192,248,3.500,12.250,3.511,117.441,MAT_BF,SEL_NN,5180,52.248,4990.882,269.399,13.335
FAST,SIFT,7,5177,300,3.500,12.250,3.494,103.182,MAT_BF,SEL_NN,5192,55.233,5706.764,269.089,13.806
FAST,SIFT,8,5176,273,3.500,12.250,3.537,108.806,MAT_BF,SEL_NN,5177,54.245,5570.467,271.722,14.358
FAST,SIFT,9,5225,259,3.500,12.250,3.459,115.879,MAT_BF,SEL_NN,5176,54.104,5460.041,275.749,12.516

Detector Type,Descriptor Type,Frame#,#KeyPointsPerFrame,#KeyPointsPerROI,NeighborhoodSizeMean,NeighborhoodSizeVariance,DetectorTime(ms),DescriptorTime(ms),Matcher Type,Selector Type,#MatchedPoints,MatchDistancesMean,MatchDistancesVariance,MatchingTime(ms)),TTC(s))
BRISK,BRISK,0,2896,0,0.000,0.000,39.703,22.625,MAT_BF,SEL_NN,0,0.000,0.000,0.000,0.000
BRISK,BRISK,1,3000,161,10.574,192.109,37.850,24.493,MAT_BF,SEL_NN,2896,36.005,2050.757,34.928,31.941
BRISK,BRISK,2,2974,204,11.250,223.590,47.057,27.729,MAT_BF,SEL_NN,3000,36.218,2044.539,39.739,75.660
BRISK,BRISK,3,2953,238,11.613,258.500,36.717,24.018,MAT_BF,SEL_NN,2974,36.115,2074.492,34.196,19.005
BRISK,BRISK,4,2855,208,10.439,184.271,35.564,23.358,MAT_BF,SEL_NN,2953,37.124,2119.810,33.280,32.215
BRISK,BRISK,5,2906,170,11.002,229.833,39.634,23.520,MAT_BF,SEL_NN,2855,35.917,2053.672,32.304,76.491
BRISK,BRISK,6,2886,189,11.446,218.880,37.152,22.389,MAT_BF,SEL_NN,2906,36.289,2047.393,32.011,83.908
BRISK,BRISK,7,2886,197,11.002,204.542,39.455,23.585,MAT_BF,SEL_NN,2886,36.970,2109.322,33.021,33.295
BRISK,BRISK,8,2893,189,11.190,209.853,38.850,22.986,MAT_BF,SEL_NN,2886,36.585,2095.507,31.132,28.359
BRISK,BRISK,9,2930,205,11.055,210.747,39.562,23.228,MAT_BF,SEL_NN,2893,37.004,2106.809,31.810,20.455

Detector Type,Descriptor Type,Frame#,#KeyPointsPerFrame,#KeyPointsPerROI,NeighborhoodSizeMean,NeighborhoodSizeVariance,DetectorTime(ms),DescriptorTime(ms),Matcher Type,Selector Type,#MatchedPoints,MatchDistancesMean,MatchDistancesVariance,MatchingTime(ms)),TTC(s))
BRISK,BRIEF,0,2896,0,0.000,0.000,38.438,9.231,MAT_BF,SEL_NN,0,0.000,0.000,0.000,0.000
BRISK,BRIEF,1,3000,180,10.146,185.372,36.665,8.560,MAT_BF,SEL_NN,2871,8.388,149.368,31.733,20.177
BRISK,BRIEF,2,2974,209,10.815,226.624,36.847,8.702,MAT_BF,SEL_NN,2973,8.346,148.314,36.212,26.792
BRISK,BRIEF,3,2953,223,10.949,209.478,36.000,9.428,MAT_BF,SEL_NN,2952,8.342,150.700,32.218,13.288
BRISK,BRIEF,4,2855,212,11.034,216.936,36.257,10.155,MAT_BF,SEL_NN,2923,8.675,157.698,31.330,25.563
BRISK,BRIEF,5,2906,191,9.999,193.219,35.600,8.199,MAT_BF,SEL_NN,2826,8.275,142.955,30.082,31.520
BRISK,BRIEF,6,2886,184,9.904,172.730,36.013,9.809,MAT_BF,SEL_NN,2874,8.336,147.165,31.800,27.682
BRISK,BRIEF,7,2886,201,10.360,174.963,37.242,10.719,MAT_BF,SEL_NN,2856,8.607,154.253,30.757,20.245
BRISK,BRIEF,8,2893,195,10.211,159.757,42.919,11.844,MAT_BF,SEL_NN,2849,8.411,149.047,33.020,21.234
BRISK,BRIEF,9,2930,198,10.555,185.086,39.917,8.862,MAT_BF,SEL_NN,2868,8.361,144.565,31.246,16.782

Detector Type,Descriptor Type,Frame#,#KeyPointsPerFrame,#KeyPointsPerROI,NeighborhoodSizeMean,NeighborhoodSizeVariance,DetectorTime(ms),DescriptorTime(ms),Matcher Type,Selector Type,#MatchedPoints,MatchDistancesMean,MatchDistancesVariance,MatchingTime(ms)),TTC(s))
BRISK,ORB,0,2896,0,0.000,0.000,36.999,10.413,MAT_BF,SEL_NN,0,0.000,0.000,0.000,0.000
BRISK,ORB,1,3000,161,10.923,220.376,36.806,7.358,MAT_BF,SEL_NN,2860,18.105,481.546,31.324,25.567
BRISK,ORB,2,2974,203,11.486,244.224,36.434,8.693,MAT_BF,SEL_NN,2958,18.018,470.054,32.471,55.826
BRISK,ORB,3,2953,238,12.360,294.398,36.159,7.490,MAT_BF,SEL_NN,2933,18.006,477.313,31.888,24.137
BRISK,ORB,4,2855,188,10.606,199.409,35.732,7.377,MAT_BF,SEL_NN,2909,18.541,494.357,30.454,98.236
BRISK,ORB,5,2906,185,10.741,223.290,36.432,8.740,MAT_BF,SEL_NN,2811,18.087,487.276,29.777,-103.623
BRISK,ORB,6,2886,183,10.945,214.072,35.805,7.082,MAT_BF,SEL_NN,2853,18.254,480.979,29.976,76.622
BRISK,ORB,7,2886,208,11.086,201.903,40.520,8.682,MAT_BF,SEL_NN,2829,18.686,498.515,29.917,46.946
BRISK,ORB,8,2893,207,10.841,204.336,36.572,9.001,MAT_BF,SEL_NN,2832,18.482,491.356,33.629,36.211
BRISK,ORB,9,2930,189,11.261,221.208,36.703,7.762,MAT_BF,SEL_NN,2854,18.753,501.441,32.298,15.656

Detector Type,Descriptor Type,Frame#,#KeyPointsPerFrame,#KeyPointsPerROI,NeighborhoodSizeMean,NeighborhoodSizeVariance,DetectorTime(ms),DescriptorTime(ms),Matcher Type,Selector Type,#MatchedPoints,MatchDistancesMean,MatchDistancesVariance,MatchingTime(ms)),TTC(s))
BRISK,FREAK,0,2896,0,0.000,0.000,36.274,59.699,MAT_BF,SEL_NN,0,0.000,0.000,0.000,0.000
BRISK,FREAK,1,3000,179,9.434,128.047,37.536,60.486,MAT_BF,SEL_NN,2400,27.280,1242.107,23.902,25.584
BRISK,FREAK,2,2974,199,9.800,141.742,35.449,57.836,MAT_BF,SEL_NN,2467,26.927,1195.413,23.556,-337.209
BRISK,FREAK,3,2953,217,9.502,123.527,37.115,60.087,MAT_BF,SEL_NN,2472,27.374,1239.699,24.394,24.936
BRISK,FREAK,4,2855,188,9.069,108.148,35.097,58.443,MAT_BF,SEL_NN,2466,27.655,1225.211,22.821,24.037
BRISK,FREAK,5,2906,163,9.009,108.942,37.128,61.919,MAT_BF,SEL_NN,2393,27.062,1213.128,27.210,52.867
BRISK,FREAK,6,2886,176,9.117,113.947,36.751,62.910,MAT_BF,SEL_NN,2450,27.550,1233.421,24.958,16.688
BRISK,FREAK,7,2886,199,9.449,124.846,37.457,59.395,MAT_BF,SEL_NN,2427,28.286,1290.607,23.767,25.308
BRISK,FREAK,8,2893,187,9.918,140.033,38.735,59.599,MAT_BF,SEL_NN,2415,27.571,1258.876,23.099,32.551
BRISK,FREAK,9,2930,186,9.748,135.019,37.040,59.323,MAT_BF,SEL_NN,2403,27.646,1241.323,23.803,20.444

Detector Type,Descriptor Type,Frame#,#KeyPointsPerFrame,#KeyPointsPerROI,NeighborhoodSizeMean,NeighborhoodSizeVariance,DetectorTime(ms),DescriptorTime(ms),Matcher Type,Selector Type,#MatchedPoints,MatchDistancesMean,MatchDistancesVariance,MatchingTime(ms)),TTC(s))
BRISK,SIFT,0,2896,0,0.000,0.000,36.545,103.233,MAT_BF,SEL_NN,0,0.000,0.000,0.000,0.000
BRISK,SIFT,1,3000,178,10.564,188.187,46.024,147.394,MAT_BF,SEL_NN,2896,70.546,8586.494,94.091,21.342
BRISK,SIFT,2,2974,216,10.848,206.633,35.879,103.887,MAT_BF,SEL_NN,3000,70.202,8418.900,75.644,17.654
BRISK,SIFT,3,2953,250,11.382,244.544,36.006,103.415,MAT_BF,SEL_NN,2974,69.913,8329.525,76.905,26.045
BRISK,SIFT,4,2855,212,10.406,185.594,41.807,120.420,MAT_BF,SEL_NN,2953,70.593,8437.649,86.002,26.457
BRISK,SIFT,5,2906,201,10.556,204.719,39.477,105.523,MAT_BF,SEL_NN,2855,69.044,8421.642,70.206,46.726
BRISK,SIFT,6,2886,186,10.881,207.711,37.721,105.328,MAT_BF,SEL_NN,2906,69.813,8352.864,70.990,16.848
BRISK,SIFT,7,2886,204,10.798,200.927,41.229,109.687,MAT_BF,SEL_NN,2886,71.909,8594.758,71.701,19.499
BRISK,SIFT,8,2893,196,10.519,173.795,36.532,98.607,MAT_BF,SEL_NN,2886,72.741,9032.908,69.491,23.590
BRISK,SIFT,9,2930,206,11.230,223.585,42.772,122.346,MAT_BF,SEL_NN,2893,72.005,8598.934,82.706,16.801

Detector Type,Descriptor Type,Frame#,#KeyPointsPerFrame,#KeyPointsPerROI,NeighborhoodSizeMean,NeighborhoodSizeVariance,DetectorTime(ms),DescriptorTime(ms),Matcher Type,Selector Type,#MatchedPoints,MatchDistancesMean,MatchDistancesVariance,MatchingTime(ms)),TTC(s))
ORB,BRISK,0,500,0,0.000,0.000,10.747,5.282,MAT_BF,SEL_NN,0,0.000,0.000,0.000,0.000
ORB,BRISK,1,500,50,24.322,773.608,8.902,4.568,MAT_BF,SEL_NN,391,25.630,1408.834,0.787,18.066
ORB,BRISK,2,500,54,23.108,674.231,10.383,6.104,MAT_BF,SEL_NN,386,27.526,1552.791,1.234,15.631
ORB,BRISK,3,500,74,24.462,767.967,8.671,4.639,MAT_BF,SEL_NN,394,26.095,1398.797,0.856,28.670
ORB,BRISK,4,500,60,24.415,750.486,10.442,4.549,MAT_BF,SEL_NN,388,26.276,1621.803,0.807,37.274
ORB,BRISK,5,500,64,23.839,741.961,8.733,4.692,MAT_BF,SEL_NN,398,24.559,1470.304,0.844,inf
ORB,BRISK,6,500,73,23.809,724.956,9.476,4.675,MAT_BF,SEL_NN,402,23.947,1398.501,0.772,20.063
ORB,BRISK,7,500,76,25.696,862.860,8.910,4.571,MAT_BF,SEL_NN,410,26.396,1597.591,0.787,44.167
ORB,BRISK,8,500,67,25.103,794.527,9.698,5.205,MAT_BF,SEL_NN,413,25.765,1464.691,1.041,11.863
ORB,BRISK,9,500,64,26.352,918.030,9.936,5.749,MAT_BF,SEL_NN,406,27.361,1668.162,1.079,12.339

Detector Type,Descriptor Type,Frame#,#KeyPointsPerFrame,#KeyPointsPerROI,NeighborhoodSizeMean,NeighborhoodSizeVariance,DetectorTime(ms),DescriptorTime(ms),Matcher Type,Selector Type,#MatchedPoints,MatchDistancesMean,MatchDistancesVariance,MatchingTime(ms)),TTC(s))
ORB,BRIEF,0,500,0,0.000,0.000,9.018,3.813,MAT_BF,SEL_NN,0,0.000,0.000,0.000,0.000
ORB,BRIEF,1,500,54,26.244,944.890,9.196,3.448,MAT_BF,SEL_NN,500,7.674,129.942,1.409,20.110
ORB,BRIEF,2,500,55,24.408,855.094,8.646,3.402,MAT_BF,SEL_NN,500,7.755,130.825,1.377,22.482
ORB,BRIEF,3,500,74,24.835,843.542,8.837,3.690,MAT_BF,SEL_NN,500,7.901,136.971,1.522,90.008
ORB,BRIEF,4,500,63,24.859,843.065,11.318,3.596,MAT_BF,SEL_NN,500,7.841,152.266,1.444,25.119
ORB,BRIEF,5,500,68,22.777,725.836,9.859,3.824,MAT_BF,SEL_NN,500,7.881,205.953,1.783,inf
ORB,BRIEF,6,500,76,25.787,900.616,9.406,3.821,MAT_BF,SEL_NN,500,6.686,111.277,1.588,21.094
ORB,BRIEF,7,500,86,26.185,922.308,11.945,3.652,MAT_BF,SEL_NN,500,7.084,134.453,1.516,inf
ORB,BRIEF,8,500,76,25.236,883.013,9.902,3.400,MAT_BF,SEL_NN,500,6.765,107.764,1.409,70.543
ORB,BRIEF,9,500,69,26.427,1006.167,8.681,3.706,MAT_BF,SEL_NN,500,6.984,119.266,1.400,13.786

Detector Type,Descriptor Type,Frame#,#KeyPointsPerFrame,#KeyPointsPerROI,NeighborhoodSizeMean,NeighborhoodSizeVariance,DetectorTime(ms),DescriptorTime(ms),Matcher Type,Selector Type,#MatchedPoints,MatchDistancesMean,MatchDistancesVariance,MatchingTime(ms)),TTC(s))
ORB,ORB,0,500,0,0.000,0.000,12.949,8.885,MAT_BF,SEL_NN,0,0.000,0.000,0.000,0.000
ORB,ORB,1,500,57,27.100,1015.091,9.280,6.540,MAT_BF,SEL_NN,500,15.807,410.586,1.626,172.248
ORB,ORB,2,500,62,28.433,1138.822,11.209,6.589,MAT_BF,SEL_NN,500,16.617,444.588,1.381,24.788
ORB,ORB,3,500,75,26.325,938.151,11.100,7.407,MAT_BF,SEL_NN,500,16.495,450.482,1.379,26.409
ORB,ORB,4,500,61,27.482,997.178,9.089,6.194,MAT_BF,SEL_NN,500,16.184,461.086,1.381,30.384
ORB,ORB,5,500,61,26.236,917.410,8.455,6.262,MAT_BF,SEL_NN,500,16.094,451.629,1.378,50.606
ORB,ORB,6,500,77,27.546,1067.469,10.358,6.038,MAT_BF,SEL_NN,500,15.098,392.974,1.380,18.946
ORB,ORB,7,500,74,27.761,1044.907,8.927,6.155,MAT_BF,SEL_NN,500,15.821,451.943,1.409,19.717
ORB,ORB,8,500,77,26.426,948.860,12.107,6.540,MAT_BF,SEL_NN,500,15.647,402.294,1.382,10.716
ORB,ORB,9,500,67,28.748,1140.599,9.217,7.508,MAT_BF,SEL_NN,500,15.861,432.276,1.940,2943771.038

Detector Type,Descriptor Type,Frame#,#KeyPointsPerFrame,#KeyPointsPerROI,NeighborhoodSizeMean,NeighborhoodSizeVariance,DetectorTime(ms),DescriptorTime(ms),Matcher Type,Selector Type,#MatchedPoints,MatchDistancesMean,MatchDistancesVariance,MatchingTime(ms)),TTC(s))
ORB,FREAK,0,500,0,0.000,0.000,12.073,79.209,MAT_BF,SEL_NN,0,0.000,0.000,0.000,0.000
ORB,FREAK,1,500,28,18.206,342.713,12.290,66.734,MAT_BF,SEL_NN,154,24.721,1270.591,0.224,11.037
ORB,FREAK,2,500,36,19.124,378.255,11.176,70.631,MAT_BF,SEL_NN,156,22.513,1113.731,0.385,38.788
ORB,FREAK,3,500,43,18.395,355.638,12.877,66.601,MAT_BF,SEL_NN,175,24.560,1302.658,0.236,33.343
ORB,FREAK,4,500,36,18.087,339.802,10.754,72.729,MAT_BF,SEL_NN,173,22.916,1178.996,0.280,10.577
ORB,FREAK,5,500,41,18.313,344.927,10.640,62.766,MAT_BF,SEL_NN,162,26.296,1890.381,0.216,371.622
ORB,FREAK,6,500,50,19.292,387.908,11.299,65.667,MAT_BF,SEL_NN,173,23.301,1549.320,0.262,65.747
ORB,FREAK,7,500,45,19.586,408.332,13.659,72.211,MAT_BF,SEL_NN,179,25.698,1603.255,0.250,24.339
ORB,FREAK,8,500,39,19.144,391.193,9.251,61.946,MAT_BF,SEL_NN,174,21.925,1099.983,0.274,8.957
ORB,FREAK,9,500,36,18.676,363.872,9.550,66.727,MAT_BF,SEL_NN,187,24.155,1332.420,0.265,15.113

Detector Type,Descriptor Type,Frame#,#KeyPointsPerFrame,#KeyPointsPerROI,NeighborhoodSizeMean,NeighborhoodSizeVariance,DetectorTime(ms),DescriptorTime(ms),Matcher Type,Selector Type,#MatchedPoints,MatchDistancesMean,MatchDistancesVariance,MatchingTime(ms)),TTC(s))
ORB,SIFT,0,500,0,0.000,0.000,10.949,99.323,MAT_BF,SEL_NN,0,0.000,0.000,0.000,0.000
ORB,SIFT,1,500,82,35.735,1847.343,10.300,86.659,MAT_BF,SEL_NN,500,48.551,6142.276,3.710,-23.175
ORB,SIFT,2,500,57,23.997,721.683,9.268,66.636,MAT_BF,SEL_NN,500,49.980,6463.330,2.651,11.016
ORB,SIFT,3,500,70,24.381,738.600,9.262,67.148,MAT_BF,SEL_NN,500,46.694,5618.088,2.547,25.926
ORB,SIFT,4,500,65,24.832,783.571,8.963,69.920,MAT_BF,SEL_NN,500,48.171,6478.580,2.509,76.130
ORB,SIFT,5,500,102,33.468,1668.478,11.864,67.814,MAT_BF,SEL_NN,500,46.398,5977.989,2.581,-2.210
ORB,SIFT,6,500,74,23.787,719.620,9.522,79.268,MAT_BF,SEL_NN,500,44.093,5673.679,3.033,inf
ORB,SIFT,7,500,77,25.117,801.604,9.467,79.649,MAT_BF,SEL_NN,500,44.032,5297.487,2.761,41.833
ORB,SIFT,8,500,71,24.721,766.338,8.960,67.615,MAT_BF,SEL_NN,500,45.490,5424.761,2.741,9.681
ORB,SIFT,9,500,63,25.421,803.174,9.464,83.139,MAT_BF,SEL_NN,500,47.424,6429.324,3.542,12.905

Detector Type,Descriptor Type,Frame#,#KeyPointsPerFrame,#KeyPointsPerROI,NeighborhoodSizeMean,NeighborhoodSizeVariance,DetectorTime(ms),DescriptorTime(ms),Matcher Type,Selector Type,#MatchedPoints,MatchDistancesMean,MatchDistancesVariance,MatchingTime(ms)),TTC(s))
AKAZE,BRISK,0,1513,0,0.000,0.000,73.396,12.889,MAT_BF,SEL_NN,0,0.000,0.000,0.000,0.000
AKAZE,BRISK,1,1541,113,3.594,16.289,57.886,14.108,MAT_BF,SEL_NN,1513,25.781,1197.128,9.630,13.293
AKAZE,BRISK,2,1529,121,3.818,18.640,55.618,13.104,MAT_BF,SEL_NN,1541,26.209,1238.339,10.120,16.132
AKAZE,BRISK,3,1561,145,3.549,15.742,56.932,14.699,MAT_BF,SEL_NN,1529,26.042,1197.509,10.550,16.101
AKAZE,BRISK,4,1545,125,3.773,19.244,47.394,13.452,MAT_BF,SEL_NN,1561,26.277,1217.258,10.247,15.996
AKAZE,BRISK,5,1526,125,3.664,16.367,44.567,12.906,MAT_BF,SEL_NN,1545,26.253,1218.392,9.951,16.560
AKAZE,BRISK,6,1566,114,3.714,17.790,52.864,13.254,MAT_BF,SEL_NN,1526,25.374,1144.246,10.188,16.762
AKAZE,BRISK,7,1529,151,3.591,15.539,44.380,13.429,MAT_BF,SEL_NN,1566,26.057,1211.694,9.771,20.077
AKAZE,BRISK,8,1547,144,3.704,17.844,48.375,13.145,MAT_BF,SEL_NN,1529,25.146,1135.480,9.361,17.865
AKAZE,BRISK,9,1572,147,3.677,16.572,46.700,13.456,MAT_BF,SEL_NN,1547,26.028,1204.621,9.664,16.554

Detector Type,Descriptor Type,Frame#,#KeyPointsPerFrame,#KeyPointsPerROI,NeighborhoodSizeMean,NeighborhoodSizeVariance,DetectorTime(ms),DescriptorTime(ms),Matcher Type,Selector Type,#MatchedPoints,MatchDistancesMean,MatchDistancesVariance,MatchingTime(ms)),TTC(s))
AKAZE,BRIEF,0,1513,0,0.000,0.000,49.010,10.110,MAT_BF,SEL_NN,0,0.000,0.000,0.000,0.000
AKAZE,BRIEF,1,1541,114,3.657,17.210,45.595,6.607,MAT_BF,SEL_NN,1513,7.362,125.590,11.738,14.416
AKAZE,BRIEF,2,1529,136,3.823,19.145,45.962,9.714,MAT_BF,SEL_NN,1541,7.570,136.936,11.863,22.231
AKAZE,BRIEF,3,1561,132,3.640,16.608,56.922,6.812,MAT_BF,SEL_NN,1529,7.376,132.407,12.022,13.364
AKAZE,BRIEF,4,1545,126,3.698,17.089,46.030,7.327,MAT_BF,SEL_NN,1561,7.471,132.374,13.397,15.380
AKAZE,BRIEF,5,1526,129,3.604,16.907,46.622,7.090,MAT_BF,SEL_NN,1545,7.471,131.171,13.302,16.637
AKAZE,BRIEF,6,1566,126,3.707,18.281,51.998,8.705,MAT_BF,SEL_NN,1526,7.239,121.568,15.205,13.877
AKAZE,BRIEF,7,1529,140,3.573,15.605,51.970,8.995,MAT_BF,SEL_NN,1566,7.388,131.394,12.344,15.882
AKAZE,BRIEF,8,1547,144,3.633,16.745,45.231,7.004,MAT_BF,SEL_NN,1529,7.034,118.795,12.168,15.931
AKAZE,BRIEF,9,1572,133,3.616,16.132,45.306,7.498,MAT_BF,SEL_NN,1547,7.141,120.719,12.391,14.152

Detector Type,Descriptor Type,Frame#,#KeyPointsPerFrame,#KeyPointsPerROI,NeighborhoodSizeMean,NeighborhoodSizeVariance,DetectorTime(ms),DescriptorTime(ms),Matcher Type,Selector Type,#MatchedPoints,MatchDistancesMean,MatchDistancesVariance,MatchingTime(ms)),TTC(s))
AKAZE,ORB,0,1513,0,0.000,0.000,49.993,6.707,MAT_BF,SEL_NN,0,0.000,0.000,0.000,0.000
AKAZE,ORB,1,1541,128,3.649,16.884,45.861,6.425,MAT_BF,SEL_NN,1510,15.771,406.514,12.729,17.724
AKAZE,ORB,2,1529,139,3.708,17.805,44.281,6.676,MAT_BF,SEL_NN,1539,16.058,416.483,12.015,21.608
AKAZE,ORB,3,1561,143,3.549,15.694,45.195,6.158,MAT_BF,SEL_NN,1526,15.738,396.572,11.988,14.083
AKAZE,ORB,4,1545,132,3.645,16.538,46.787,6.558,MAT_BF,SEL_NN,1559,16.029,415.990,12.082,15.239
AKAZE,ORB,5,1526,128,3.629,15.839,50.389,6.196,MAT_BF,SEL_NN,1540,15.886,407.854,12.028,17.651
AKAZE,ORB,6,1566,126,3.685,17.516,45.185,6.616,MAT_BF,SEL_NN,1522,15.473,389.555,14.412,16.441
AKAZE,ORB,7,1529,159,3.832,18.857,45.668,7.452,MAT_BF,SEL_NN,1558,15.555,391.309,11.997,20.808
AKAZE,ORB,8,1547,143,3.726,17.609,47.246,6.071,MAT_BF,SEL_NN,1527,15.350,392.446,12.414,16.163
AKAZE,ORB,9,1572,141,3.619,15.650,47.353,6.238,MAT_BF,SEL_NN,1541,15.754,408.505,12.197,15.421

Detector Type,Descriptor Type,Frame#,#KeyPointsPerFrame,#KeyPointsPerROI,NeighborhoodSizeMean,NeighborhoodSizeVariance,DetectorTime(ms),DescriptorTime(ms),Matcher Type,Selector Type,#MatchedPoints,MatchDistancesMean,MatchDistancesVariance,MatchingTime(ms)),TTC(s))
AKAZE,FREAK,0,1513,0,0.000,0.000,52.787,91.478,MAT_BF,SEL_NN,0,0.000,0.000,0.000,0.000
AKAZE,FREAK,1,1541,121,3.635,16.630,49.100,87.452,MAT_BF,SEL_NN,1513,19.807,658.687,16.826,20.330
AKAZE,FREAK,2,1529,139,3.688,17.174,50.021,75.794,MAT_BF,SEL_NN,1541,19.648,655.344,12.362,24.073
AKAZE,FREAK,3,1561,138,3.553,15.630,47.042,72.810,MAT_BF,SEL_NN,1529,19.313,636.690,12.767,16.540
AKAZE,FREAK,4,1545,144,3.743,17.962,45.667,72.025,MAT_BF,SEL_NN,1561,19.818,665.014,12.075,21.899
AKAZE,FREAK,5,1526,133,3.848,18.687,47.588,87.508,MAT_BF,SEL_NN,1545,19.723,659.791,14.582,20.287
AKAZE,FREAK,6,1566,127,3.609,15.587,47.170,75.159,MAT_BF,SEL_NN,1526,19.356,636.993,12.472,18.757
AKAZE,FREAK,7,1529,146,3.605,15.683,50.469,71.682,MAT_BF,SEL_NN,1566,19.678,655.577,12.542,17.965
AKAZE,FREAK,8,1547,142,3.675,16.377,44.829,71.937,MAT_BF,SEL_NN,1529,19.206,636.776,12.478,16.645
AKAZE,FREAK,9,1572,139,3.686,16.619,45.242,72.848,MAT_BF,SEL_NN,1547,19.367,636.502,15.366,14.451

Detector Type,Descriptor Type,Frame#,#KeyPointsPerFrame,#KeyPointsPerROI,NeighborhoodSizeMean,NeighborhoodSizeVariance,DetectorTime(ms),DescriptorTime(ms),Matcher Type,Selector Type,#MatchedPoints,MatchDistancesMean,MatchDistancesVariance,MatchingTime(ms)),TTC(s))
AKAZE,AKAZE,0,1513,0,0.000,0.000,57.026,58.010,MAT_BF,SEL_NN,0,0.000,0.000,0.000,0.000
AKAZE,AKAZE,1,1541,127,3.757,18.599,62.576,52.559,MAT_BF,SEL_NN,1513,24.255,1225.126,21.108,15.526
AKAZE,AKAZE,2,1529,134,3.861,19.199,49.655,46.048,MAT_BF,SEL_NN,1541,25.272,1306.316,18.409,20.959
AKAZE,AKAZE,3,1561,140,3.710,17.864,47.432,45.424,MAT_BF,SEL_NN,1529,24.385,1238.667,18.446,15.119
AKAZE,AKAZE,4,1545,141,3.634,16.379,45.961,42.733,MAT_BF,SEL_NN,1561,24.736,1260.435,16.346,21.194
AKAZE,AKAZE,5,1526,137,3.584,15.395,46.885,42.028,MAT_BF,SEL_NN,1545,24.502,1237.515,15.660,23.923
AKAZE,AKAZE,6,1566,124,3.633,16.931,46.047,44.203,MAT_BF,SEL_NN,1526,23.937,1212.215,17.082,13.798
AKAZE,AKAZE,7,1529,150,3.716,17.924,51.185,45.637,MAT_BF,SEL_NN,1566,24.658,1260.228,16.328,16.085
AKAZE,AKAZE,8,1547,143,3.607,16.546,52.777,47.473,MAT_BF,SEL_NN,1529,23.696,1177.293,18.898,16.410
AKAZE,AKAZE,9,1572,146,3.694,16.529,47.203,42.532,MAT_BF,SEL_NN,1547,24.801,1273.014,16.133,15.232

Detector Type,Descriptor Type,Frame#,#KeyPointsPerFrame,#KeyPointsPerROI,NeighborhoodSizeMean,NeighborhoodSizeVariance,DetectorTime(ms),DescriptorTime(ms),Matcher Type,Selector Type,#MatchedPoints,MatchDistancesMean,MatchDistancesVariance,MatchingTime(ms)),TTC(s))
AKAZE,SIFT,0,1513,0,0.000,0.000,52.555,45.854,MAT_BF,SEL_NN,0,0.000,0.000,0.000,0.000
AKAZE,SIFT,1,1541,116,3.810,18.869,45.652,41.869,MAT_BF,SEL_NN,1513,61.113,7710.887,24.162,12.943
AKAZE,SIFT,2,1529,125,3.940,21.355,46.099,40.638,MAT_BF,SEL_NN,1541,62.952,8252.293,22.817,15.373
AKAZE,SIFT,3,1561,131,3.724,18.747,48.320,41.975,MAT_BF,SEL_NN,1529,62.081,7832.764,22.502,13.789
AKAZE,SIFT,4,1545,126,3.652,16.654,50.601,43.238,MAT_BF,SEL_NN,1561,63.502,8170.813,26.678,15.135
AKAZE,SIFT,5,1526,122,3.552,15.152,49.898,42.068,MAT_BF,SEL_NN,1545,62.905,8039.742,23.362,19.093
AKAZE,SIFT,6,1566,126,3.712,18.015,45.782,41.264,MAT_BF,SEL_NN,1526,61.198,7628.556,22.893,15.318
AKAZE,SIFT,7,1529,148,3.811,18.805,49.428,42.375,MAT_BF,SEL_NN,1566,63.467,8053.620,24.955,17.387
AKAZE,SIFT,8,1547,138,3.798,19.277,49.143,40.387,MAT_BF,SEL_NN,1529,62.023,7977.696,23.141,14.609
AKAZE,SIFT,9,1572,140,3.739,17.348,47.279,42.904,MAT_BF,SEL_NN,1547,64.564,8448.044,23.937,15.732

Detector Type,Descriptor Type,Frame#,#KeyPointsPerFrame,#KeyPointsPerROI,NeighborhoodSizeMean,NeighborhoodSizeVariance,DetectorTime(ms),DescriptorTime(ms),Matcher Type,Selector Type,#MatchedPoints,MatchDistancesMean,MatchDistancesVariance,MatchingTime(ms)),TTC(s))
SIFT,BRISK,0,1891,0,0.000,0.000,152.768,17.668,MAT_BF,SEL_NN,0,0.000,0.000,0.000,0.000
SIFT,BRISK,1,1915,138,2.833,33.999,139.622,17.312,MAT_BF,SEL_NN,1820,34.095,1918.855,16.049,-0.600
SIFT,BRISK,2,1825,136,2.611,26.732,135.120,14.811,MAT_BF,SEL_NN,1817,34.808,1961.014,12.449,46.885
SIFT,BRISK,3,1837,153,2.529,23.217,143.287,15.009,MAT_BF,SEL_NN,1747,34.255,1948.114,12.322,50.376
SIFT,BRISK,4,1828,146,2.848,31.121,144.349,15.542,MAT_BF,SEL_NN,1763,34.210,1879.906,12.663,-0.323
SIFT,BRISK,5,1877,142,2.575,25.625,137.183,15.055,MAT_BF,SEL_NN,1746,33.806,1894.739,12.100,-0.497
SIFT,BRISK,6,1931,159,2.326,18.714,141.077,14.974,MAT_BF,SEL_NN,1773,34.158,1926.904,13.464,26.146
SIFT,BRISK,7,1963,182,2.520,19.282,147.827,16.613,MAT_BF,SEL_NN,1814,34.138,1891.628,13.799,-0.307
SIFT,BRISK,8,1954,154,2.465,19.387,132.348,15.163,MAT_BF,SEL_NN,1854,34.222,1912.247,13.385,32.547
SIFT,BRISK,9,1983,172,2.375,16.113,131.912,15.806,MAT_BF,SEL_NN,1858,34.601,1910.213,14.724,40.361

Detector Type,Descriptor Type,Frame#,#KeyPointsPerFrame,#KeyPointsPerROI,NeighborhoodSizeMean,NeighborhoodSizeVariance,DetectorTime(ms),DescriptorTime(ms),Matcher Type,Selector Type,#MatchedPoints,MatchDistancesMean,MatchDistancesVariance,MatchingTime(ms)),TTC(s))
SIFT,BRIEF,0,1891,0,0.000,0.000,161.355,10.037,MAT_BF,SEL_NN,0,0.000,0.000,0.000,0.000
SIFT,BRIEF,1,1915,134,2.752,30.232,142.830,7.362,MAT_BF,SEL_NN,1710,10.942,255.844,14.002,15.093
SIFT,BRIEF,2,1825,138,2.426,20.091,132.837,9.525,MAT_BF,SEL_NN,1700,11.490,294.300,14.302,19.971
SIFT,BRIEF,3,1837,152,2.376,18.888,143.059,6.508,MAT_BF,SEL_NN,1636,10.826,263.434,14.569,20.597
SIFT,BRIEF,4,1828,136,2.720,25.889,144.224,7.864,MAT_BF,SEL_NN,1660,10.610,242.173,13.287,30.309
SIFT,BRIEF,5,1877,132,2.663,24.100,149.404,8.336,MAT_BF,SEL_NN,1655,10.634,246.787,15.384,17.375
SIFT,BRIEF,6,1931,146,2.946,38.398,137.967,7.236,MAT_BF,SEL_NN,1686,10.365,235.247,13.394,16.849
SIFT,BRIEF,7,1963,158,2.437,18.714,138.740,8.659,MAT_BF,SEL_NN,1707,10.721,253.295,14.901,17.452
SIFT,BRIEF,8,1954,160,2.497,18.929,138.795,10.017,MAT_BF,SEL_NN,1740,11.022,270.194,13.944,25.541
SIFT,BRIEF,9,1983,160,2.561,21.327,143.839,7.205,MAT_BF,SEL_NN,1731,10.983,257.492,15.116,14.993

Detector Type,Descriptor Type,Frame#,#KeyPointsPerFrame,#KeyPointsPerROI,NeighborhoodSizeMean,NeighborhoodSizeVariance,DetectorTime(ms),DescriptorTime(ms),Matcher Type,Selector Type,#MatchedPoints,MatchDistancesMean,MatchDistancesVariance,MatchingTime(ms)),TTC(s))
SIFT,FREAK,0,1891,0,0.000,0.000,155.522,70.610,MAT_BF,SEL_NN,0,0.000,0.000,0.000,0.000
SIFT,FREAK,1,1915,127,2.518,14.778,134.776,59.753,MAT_BF,SEL_NN,1707,27.899,1228.517,14.062,-1.172
SIFT,FREAK,2,1825,135,2.534,17.080,149.244,62.650,MAT_BF,SEL_NN,1709,28.894,1323.871,14.980,29.784
SIFT,FREAK,3,1837,153,2.226,12.916,146.842,64.999,MAT_BF,SEL_NN,1648,28.048,1275.772,14.762,-509.684
SIFT,FREAK,4,1828,144,2.556,18.531,133.014,59.036,MAT_BF,SEL_NN,1668,27.704,1201.404,15.897,-0.643
SIFT,FREAK,5,1877,136,2.722,21.831,126.981,67.657,MAT_BF,SEL_NN,1659,27.682,1229.172,13.489,-106.055
SIFT,FREAK,6,1931,157,2.583,17.612,133.585,62.061,MAT_BF,SEL_NN,1686,27.954,1243.789,14.010,-0.287
SIFT,FREAK,7,1963,184,2.515,16.567,132.982,61.112,MAT_BF,SEL_NN,1723,27.793,1210.376,14.477,-0.261
SIFT,FREAK,8,1954,175,2.330,13.546,135.791,59.077,MAT_BF,SEL_NN,1744,27.889,1241.989,14.298,-1.299
SIFT,FREAK,9,1983,154,2.492,16.843,135.669,60.175,MAT_BF,SEL_NN,1743,28.059,1216.237,15.018,-3.197

Detector Type,Descriptor Type,Frame#,#KeyPointsPerFrame,#KeyPointsPerROI,NeighborhoodSizeMean,NeighborhoodSizeVariance,DetectorTime(ms),DescriptorTime(ms),Matcher Type,Selector Type,#MatchedPoints,MatchDistancesMean,MatchDistancesVariance,MatchingTime(ms)),TTC(s))
SIFT,SIFT,0,1891,0,0.000,0.000,145.702,126.471,MAT_BF,SEL_NN,0,0.000,0.000,0.000,0.000
SIFT,SIFT,1,1915,120,2.760,24.734,132.434,119.229,MAT_BF,SEL_NN,1891,90.133,13356.913,30.411,26.924
SIFT,SIFT,2,1825,149,2.582,21.115,131.768,124.056,MAT_BF,SEL_NN,1915,93.274,14226.487,29.546,-0.382
SIFT,SIFT,3,1837,157,2.435,18.193,133.618,123.112,MAT_BF,SEL_NN,1825,91.476,14021.304,30.138,-16.272
SIFT,SIFT,4,1828,153,2.645,22.858,133.055,121.548,MAT_BF,SEL_NN,1837,91.156,13607.141,28.186,-0.576
SIFT,SIFT,5,1877,140,2.780,24.900,131.814,120.579,MAT_BF,SEL_NN,1828,90.497,13743.403,29.376,-0.360
SIFT,SIFT,6,1931,145,2.541,21.264,134.425,121.301,MAT_BF,SEL_NN,1877,91.161,13670.499,30.404,36.637
SIFT,SIFT,7,1963,188,2.613,24.608,134.872,125.748,MAT_BF,SEL_NN,1931,92.126,13890.181,34.959,-0.254
SIFT,SIFT,8,1954,184,2.603,20.871,133.008,121.635,MAT_BF,SEL_NN,1963,91.587,13864.613,33.154,-0.325
SIFT,SIFT,9,1983,177,2.702,26.946,136.611,122.951,MAT_BF,SEL_NN,1954,93.737,14060.134,33.084,-0.715

